,Unnamed: 0,company_name,rating,location,size,industry,street_number,street_name,town,district,state,postal_code,formatted_address,lat,lng,Gemeinde,Gemeindeschlüsselnummer,km²,Einwohner,Landkreis,Grundstückspreise in € pro m²,"Land- und Forstwirtschaft, Fischerei (A)",Produzierendes Gewerbe (B-F),"Handel, Verkehr, Gast- gewerbe (G-I)","Erbrin- gung von Unternehmensdienstleistungen
(J-N)",Erbringung von öffentl. u. privaten Dienstleistungen (O-U),Industry with most employees,Number of Foreigners per Gemeinde,Foreigners as % of Population,Raw population Gain or Loss,Per 1000 Inhabitants
0,0,Kern (Germany),4,Saarland,1 to 50 Employees,Enterprise Software & Network Solutions,120,In der Kolling,Bexbach,Saarpfalz-Kreis,Saarland,66450,"In d. Kolling 120, 66450 Bexbach, Germany",49.3487722,7.2444888,Bexbach,45111,31.09,17482,Saarpfalz,100-150,17,1 409,1 472,762,915,"Trade, Transport, Hospitality",521,"7,0",41,"+ 2,3"
1,1,NEUE HALBERG-GUSS,3.4,Saarland,1001 to 5000 Employees,Transportation Equipment Manufacturing,16,Kirchstraße,Saarbrücken,Regionalverband Saarbrücken,Saarland,66130,"Kirchstraße 16, 66130 Saarbrücken, Germany",49.2120857,7.0370778,Regionalverband Saarbrücken,41100,167.52,179634,RV Saarbrücken,275,107,21 412,20 730,31 533,38 149,Provision of Public and Private Services,18 551,"19,2",-277,"- 1,5"
2,2,Ford Motor Company,4.1,Saarland,10000+ Employees,Transportation Equipment Manufacturing,18-30,Roonstraße,Dillingen/Saar,Landkreis Saarlouis,Saarland,66763,"Roonstraße 18-30, 66763 Dillingen/Saar, Germany",49.3578331,6.7318691,Dillingen/Saar,44111,22.05,19668,Saarlouis,100-150,,8 181,1 836,1 307,3 142,Manufacturing industry,1 532,"16,9",58,"+ 2,9"
3,3,Kärcher,3.4,Saarland,10000+ Employees,Machinery Manufacturing,269,Provinzialstraße,Ensdorf,Landkreis Saarlouis,Saarland,66806,"Provinzialstraße 269, 66806 Ensdorf, Germany",49.2948875,6.7790508,Ensdorf,44123,8.39,6502,Saarlouis,145,.,200,901,.,390,"Trade, Transport, Hospitality",168,"14,0",62,"+ 9,6"
4,4,MTD Products,3.5,Saarland,5001 to 10000 Employees,Machinery Manufacturing,23,Industriestraße,Saarbrücken,Regionalverband Saarbrücken,Saarland,66129,"Industriestraße 23, 66129 Saarbrücken, Germany",49.1861848,7.0372686,Regionalverband Saarbrücken,41100,167.52,179634,RV Saarbrücken,275,107,21 412,20 730,31 533,38 149,Provision of Public and Private Services,18 551,"19,2",-277,"- 1,5"
5,5,Primark,3.5,Saarland,10000+ Employees,"Department, Clothing & Shoe Stores",81-85,Bahnhofstraße,Saarbrücken,Regionalverband Saarbrücken,Saarland,66111,"Bahnhofstraße 81-85, 66111 Saarbrücken, Germany",49.2369592,6.9919277,Regionalverband Saarbrücken,41100,167.52,179634,RV Saarbrücken,275,107,21 412,20 730,31 533,38 149,Provision of Public and Private Services,18 551,"19,2",-277,"- 1,5"
6,6,Groupe PSA,3.5,Saarland,10000+ Employees,Transportation Equipment Manufacturing,2,Armand-Peugeot-Straße,Saarbrücken,Regionalverband Saarbrücken,Saarland,66119,"Armand-Peugeot-Straße 2, 66119 Saarbrücken, Germany",49.1999626,7.017166,Regionalverband Saarbrücken,41100,167.52,179634,RV Saarbrücken,275,107,21 412,20 730,31 533,38 149,Provision of Public and Private Services,18 551,"19,2",-277,"- 1,5"
7,7,Postbank,3,Saarland,10000+ Employees,Banking & Lending,48,Poststraße,Sankt Ingbert,Saarpfalz-Kreis,Saarland,66386,"Poststraße 48, 66386 St. Ingbert, Germany",49.2777502,7.1117107,St. Ingbert (Mittelstadt),45117,49.95,34971,Saarpfalz,150-200,20,7 595,3 736,3 476,3 505,Manufacturing industry,1 992,"9,6",68,"+ 1,9"
8,8,Commerzbank,4,Saarland,10000+ Employees,Banking & Lending,4,Faktoreistraße,Saarbrücken,Regionalverband Saarbrücken,Saarland,66111,"Faktoreistraße 4, 66111 Saarbrücken, Germany",49.2382639,6.9895404,Regionalverband Saarbrücken,41100,167.52,179634,RV Saarbrücken,275,107,21 412,20 730,31 533,38 149,Provision of Public and Private Services,18 551,"19,2",-277,"- 1,5"
9,9,BENTELER Group,3.8,Saarland,10000+ Employees,Machinery Manufacturing,,,Saarlouis,Landkreis Saarlouis,Saarland,66740,"Ford Industrial Supplier Park, 66740 Saarlouis, Germany",49.3506504,6.7665566,Saarlouis (Kreisstadt),44115,43.3,34445,Saarlouis,145,,,,,,,,,,
10,10,Veolia,3.8,Saarland,10000+ Employees,Energy & Utilities,52,Am Torhaus,Saarbrücken,Regionalverband Saarbrücken,Saarland,66113,"Am Torhaus 52, 66113 Saarbrücken, Germany",49.2492896,6.9798616,Regionalverband Saarbrücken,41100,167.52,179634,RV Saarbrücken,275,107,21 412,20 730,31 533,38 149,Provision of Public and Private Services,18 551,"19,2",-277,"- 1,5"
11,11,Adler Manufacturing,3.7,Saarland,51 to 200 Employees,Consumer Product Manufacturing,17,Altenkesseler Straße,Saarbrücken,Regionalverband Saarbrücken,Saarland,66115,"Altenkesseler Str. 17/B7, 66115 Saarbrücken, Germany",49.2461322,6.9389734,Regionalverband Saarbrücken,41100,167.52,179634,RV Saarbrücken,275,107,21 412,20 730,31 533,38 149,Provision of Public and Private Services,18 551,"19,2",-277,"- 1,5"
12,12,GE,4,Saarland,10000+ Employees,Machinery Manufacturing,,,Beckingen,Merzig-Wadern,Saarland,66701,"66701 Beckingen, Germany",49.4327833,6.7559333,Beckingen,42111,51.85,14923,Merzig-Wadern,75-100,19,541,422,244,613,Provision of Public and Private Services,194,"6,7",140,"+ 9,4"
13,13,Stegmann Personaldienstleistung,4.1,Saarland,501 to 1000 Employees,HR Consulting,40,Großherzog-Friedrich-Straße,Saarbrücken,Regionalverband Saarbrücken,Saarland,66111,"Großherzog-Friedrich-Straße 40, 66111 Saarbrücken, Germany",49.2331096,7.0020454,Regionalverband Saarbrücken,41100,167.52,179634,RV Saarbrücken,275,107,21 412,20 730,31 533,38 149,Provision of Public and Private Services,18 551,"19,2",-277,"- 1,5"
14,14,Bosch,4.4,Saarland,10000+ Employees,Consumer Product Manufacturing,47,Saarbrücker Straße,Lebach,Landkreis Saarlouis,Saarland,66822,"Saarbrücker Str. 47, 66822 Lebach, Germany",49.403309,6.9160064,Lebach,44112,64.21,18694,Saarlouis,75-100,11,1 031,962,751,1 766,Provision of Public and Private Services,381,"11,6",-180,"- 9,6"
15,15,IKK Südwest,3.6,Saarland,1001 to 5000 Employees,Health Care Services & Hospitals,4-Mar,Europaallee,Saarbrücken,Regionalverband Saarbrücken,Saarland,66113,"Europaallee 3-4, 66113 Saarbrücken, Germany",49.2430414,6.9838806,Regionalverband Saarbrücken,41100,167.52,179634,RV Saarbrücken,275,107,21 412,20 730,31 533,38 149,Provision of Public and Private Services,18 551,"19,2",-277,"- 1,5"
16,16,Globus Baumarkt,3.1,Saarland,5001 to 10000 Employees,Home Furniture & Housewares Stores,8,Leipziger Straße,Sankt Wendel,Landkreis St. Wendel,Saarland,66606,"Leipziger Str. 8, 66606 St. Wendel, Germany",49.4631127,7.1520192,St. Wendel (Kreisstadt),46117,113.53,25337,St. Wendel,40,51,3 651,2 670,2 750,5 317,Provision of Public and Private Services,854,"7,3",-147,"- 5,8"
17,17,Mahola Hôtesses,3,Saarland,501 to 1000 Employees,HR Consulting,,,,,,,,,,,,,,,,,,,,,,,,,
18,18,Klinikum Saarbrücken,4.6,Saarland,1001 to 5000 Employees,Health Care Services & Hospitals,1,Winterberg,Saarbrücken,Regionalverband Saarbrücken,Saarland,66119,"Winterberg 1, 66119 Saarbrücken, Germany",49.2213948,6.9981787,Regionalverband Saarbrücken,41100,167.52,179634,RV Saarbrücken,275,107,21 412,20 730,31 533,38 149,Provision of Public and Private Services,18 551,"19,2",-277,"- 1,5"
19,19,Proserv,4.2,Saarland,1001 to 5000 Employees,Energy & Utilities,1,Edouard-Michelin-Platz,Homburg,Saarpfalz-Kreis,Saarland,66424,"Edouard-Michelin-Platz 1, 66424 Homburg, Germany",49.3423625,7.3478498,Homburg (Kreisstadt),45114,82.61,41612,Saarpfalz,185,13,11 972,4 466,4 310,10 392,Manufacturing industry,3 277,"16,0",160,"+ 3,8"
20,20,Nemak,4,Saarland,10000+ Employees,Transportation Equipment Manufacturing,,Marie-Curie-Straße,Dillingen/Saar,Landkreis Saarlouis,Saarland,66763,"Marie-Curie-Straße, 66763 Dillingen/Saar, Germany",49.3688687,6.7061227,Dillingen/Saar,44111,22.05,19668,Saarlouis,100-150,,8 181,1 836,1 307,3 142,Manufacturing industry,1 532,"16,9",58,"+ 2,9"
21,21,Kettler,4.2,Saarland,501 to 1000 Employees,Consumer Product Manufacturing,,Heinz-Kettler-Straße,Kleinblittersdorf,Regionalverband Saarbrücken,Saarland,66271,"Heinz-Kettler-Straße, 66271 Kleinblittersdorf, Germany",49.1184692,7.0578303,Kleinblittersdorf,41514,27.19,10707,RV Saarbrücken,100-150,7,598,792,578,973,Provision of Public and Private Services,899,"6,8",126,"+ 11,7"
22,22,eurodata,4.3,Saarland,201 to 500 Employees,Enterprise Software & Network Solutions,257,Großblittersdorfer Straße,Saarbrücken,Regionalverband Saarbrücken,Saarland,66119,"Großblittersdorfer Str. 257, 66119 Saarbrücken, Germany",49.1970742,7.0214189,Regionalverband Saarbrücken,41100,167.52,179634,RV Saarbrücken,275,107,21 412,20 730,31 533,38 149,Provision of Public and Private Services,18 551,"19,2",-277,"- 1,5"
23,23,MÖBEL MARTIN,3.1,Saarland,1001 to 5000 Employees,Home Furniture & Housewares Stores,300,Provinzialstraße,Ensdorf,Landkreis Saarlouis,Saarland,66806,"Provinzialstraße 300, 66806 Ensdorf, Germany",49.2935144,6.7775407,Ensdorf,44123,8.39,6502,Saarlouis,145,.,200,901,.,390,"Trade, Transport, Hospitality",168,"14,0",62,"+ 9,6"
24,24,Rieke Packaging Systems,2.9,Saarland,201 to 500 Employees,Machinery Manufacturing,13,In der Au,Neunkirchen,Siegen-Wittgenstein,Nordrhein-Westfalen,57290,"In d. Au 13, 57290 Neunkirchen, Germany",50.7839463,8.0159856,Neunkirchen (Kreisstadt),43114,75.26,46098,Neunkirchen,90,115,2 137,3 507,1 246,4 594,Provision of Public and Private Services,1 106,"11,6",52,"+ 1,8"
25,25,Targobank,3.4,Saarland,5001 to 10000 Employees,Banking & Lending,36,Bahnhofstraße,Saarbrücken,Regionalverband Saarbrücken,Saarland,66111,"Bahnhofstraße 36, 66111 Saarbrücken, Germany",49.2347602,6.9947485,Regionalverband Saarbrücken,41100,167.52,179634,RV Saarbrücken,275,107,21 412,20 730,31 533,38 149,Provision of Public and Private Services,18 551,"19,2",-277,"- 1,5"
26,26,Gries Deco Company,3,Saarland,1001 to 5000 Employees,Consumer Product Manufacturing,15,Bahnhofstraße,Saarbrücken,Regionalverband Saarbrücken,Saarland,66111,"Bahnhofstraße 15, 66111 Saarbrücken, Germany",49.2333,6.99451,Regionalverband Saarbrücken,41100,167.52,179634,RV Saarbrücken,275,107,21 412,20 730,31 533,38 149,Provision of Public and Private Services,18 551,"19,2",-277,"- 1,5"
27,27,Bundesverband der Deutschen Volksbanken und Raiffeisenbanken,3.8,Saarland,10000+ Employees,Banking & Lending,1A,Breslauer Straße,Saarbrücken,Regionalverband Saarbrücken,Saarland,66121,"Breslauer Str. 1A, 66121 Saarbrücken, Germany",49.2279172,7.0352476,Regionalverband Saarbrücken,41100,167.52,179634,RV Saarbrücken,275,107,21 412,20 730,31 533,38 149,Provision of Public and Private Services,18 551,"19,2",-277,"- 1,5"
28,28,CLEVR,4.5,Saarland,201 to 500 Employees,Information Technology Support Services,43,Poststraße,Sankt Ingbert,Saarpfalz-Kreis,Saarland,66386,"Poststraße 43, 66386 St. Ingbert, Germany",49.2774262,7.1120831,St. Ingbert (Mittelstadt),45117,49.95,34971,Saarpfalz,150-200,20,7 595,3 736,3 476,3 505,Manufacturing industry,1 992,"9,6",68,"+ 1,9"
29,29,Tempo-Team,4,Saarland,10000+ Employees,HR Consulting,2a,Dudweilerstraße,Saarbrücken,Regionalverband Saarbrücken,Saarland,66111,"Dudweilerstraße 2a, 66111 Saarbrücken, Germany",49.2351561,6.9946935,Regionalverband Saarbrücken,41100,167.52,179634,RV Saarbrücken,275,107,21 412,20 730,31 533,38 149,Provision of Public and Private Services,18 551,"19,2",-277,"- 1,5"
30,30,Sparkasse,3.7,Saarland,10000+ Employees,Banking & Lending,30,Talstraße,Homburg,Saarpfalz-Kreis,Saarland,66424,"Talstraße 30, 66424 Homburg, Germany",49.3229427,7.3394949,Homburg (Kreisstadt),45114,82.61,41612,Saarpfalz,185,13,11 972,4 466,4 310,10 392,Manufacturing industry,3 277,"16,0",160,"+ 3,8"
31,31,Vorwerk,3.6,Saarland,10000+ Employees,Consumer Product Manufacturing,30,Sankt-Johanner-Markt,Saarbrücken,Regionalverband Saarbrücken,Saarland,66111,"Sankt-Johanner-Markt 30, 66111 Saarbrücken, Germany",49.2323738,6.9973688,Regionalverband Saarbrücken,41100,167.52,179634,RV Saarbrücken,275,107,21 412,20 730,31 533,38 149,Provision of Public and Private Services,18 551,"19,2",-277,"- 1,5"
32,32,Schneider Electric,4.2,Saarland,10000+ Employees,Energy & Utilities,,,Saarbrücken,Regionalverband Saarbrücken,Saarland,66111,"Bahnhofstr. 28 (Eingang Betzenstr. 9 ), 66111 Saarbrücken, Germany",49.2343777,6.9946765,Regionalverband Saarbrücken,41100,167.52,179634,RV Saarbrücken,275,107,21 412,20 730,31 533,38 149,Provision of Public and Private Services,18 551,"19,2",-277,"- 1,5"
33,33,jobvalley,3.6,Saarland,201 to 500 Employees,HR Consulting,21,Kesselstraße,Stuttgart,Stuttgart,Baden-Württemberg,70327,"Kesselstraße 21, 70327 Stuttgart, Germany",48.7667259,9.2512617,,,,,,,,,,,,,,,,
34,34,Hager,3.9,Saarland,501 to 1000 Employees,Machinery Manufacturing,,Zum Gunterstal,Blieskastel,Saarpfalz-Kreis,Saarland,66440,"Zum Gunterstal, 66440 Blieskastel, Germany",49.2342495,7.2742774,Blieskastel,45112,108.21,20153,Saarpfalz,100-150,43,2 178,1 741,281,1 613,Manufacturing industry,631,"5,6",-9,"- 0,4"
35,35,Fori Automation,3.8,Saarland,501 to 1000 Employees,Transportation Equipment Manufacturing,3,Viezstraße,Merzig,Merzig-Wadern,Saarland,66663,"Viezstraße 3, 66663 Merzig, Germany",49.4660003,6.6267731,Merzig (Kreisstadt),42113,108.98,29609,Merzig-Wadern,95,115,2 137,3 507,1 246,4 594,Provision of Public and Private Services,1 106,"11,6",52,"+ 1,8"
36,36,Attensity,3.2,Saarland,51 to 200 Employees,Enterprise Software & Network Solutions,1A,Neugrabenweg,Saarbrücken,Regionalverband Saarbrücken,Saarland,66123,"Neugrabenweg 1A, 66123 Saarbrücken, Germany",49.2399404,7.0069706,Regionalverband Saarbrücken,41100,167.52,179634,RV Saarbrücken,275,107,21 412,20 730,31 533,38 149,Provision of Public and Private Services,18 551,"19,2",-277,"- 1,5"
37,37,TEMPTON Personaldienstleistungen,3.2,Saarland,5001 to 10000 Employees,HR Consulting,5-Mar,Viktoriastraße,Saarbrücken,Regionalverband Saarbrücken,Saarland,66111,"Viktoriastraße 3-5, 66111 Saarbrücken, Germany",49.23707,6.99067,Regionalverband Saarbrücken,41100,167.52,179634,RV Saarbrücken,275,107,21 412,20 730,31 533,38 149,Provision of Public and Private Services,18 551,"19,2",-277,"- 1,5"
38,38,Private,4.1,Saarland,1 to 50 Employees,Health Care Services & Hospitals,34,Eisenbahnstraße,Homburg,Saarpfalz-Kreis,Saarland,66424,"Eisenbahnstraße 34, 66424 Homburg, Germany",49.3247491,7.339596,Homburg (Kreisstadt),45114,82.61,41612,Saarpfalz,185,13,11 972,4 466,4 310,10 392,Manufacturing industry,3 277,"16,0",160,"+ 3,8"
39,39,SB-Möbel Boss,2.8,Saarland,5001 to 10000 Employees,Home Furniture & Housewares Stores,4-Feb,Dr.-Tietz-Straße,Saarbrücken,Regionalverband Saarbrücken,Saarland,66115,"Dr.-Tietz-Straße 2-4, 66115 Saarbrücken, Germany",49.238663,6.9599644,Regionalverband Saarbrücken,41100,167.52,179634,RV Saarbrücken,275,107,21 412,20 730,31 533,38 149,Provision of Public and Private Services,18 551,"19,2",-277,"- 1,5"
40,40,Schaeffler,3.8,Saarland,10000+ Employees,Machinery Manufacturing,134,Berliner Straße,Homburg,Saarpfalz-Kreis,Saarland,66424,"Berliner Str. 134, 66424 Homburg, Germany",49.3415884,7.3481085,Homburg (Kreisstadt),45114,82.61,41612,Saarpfalz,185,13,11 972,4 466,4 310,10 392,Manufacturing industry,3 277,"16,0",160,"+ 3,8"
41,41,HORNBACH,3.8,Saarland,10000+ Employees,Home Furniture & Housewares Stores,184,Mainzer Straße,Saarbrücken,Regionalverband Saarbrücken,Saarland,66121,"Mainzer Str. 184, 66121 Saarbrücken, Germany",49.2265663,7.0322413,Regionalverband Saarbrücken,41100,167.52,179634,RV Saarbrücken,275,107,21 412,20 730,31 533,38 149,Provision of Public and Private Services,18 551,"19,2",-277,"- 1,5"
42,42,Amer Sports,3.6,Saarland,5001 to 10000 Employees,Consumer Product Manufacturing,2,Im Häsfeld,Überherrn,Landkreis Saarlouis,Saarland,66802,"Im Häsfeld 2, 66802 Überherrn, Germany",49.2692947,6.7307386,Überherrn,44119,34.31,11393,Saarlouis,100-150,27,1 380,1 691,236,471,"Trade, Transport, Hospitality",761,"7,0",35,"+ 3,1"
43,43,Festo,4.1,Saarland,10000+ Employees,Machinery Manufacturing,29,Gottlieb-Stoll-Straße,Sankt Ingbert,Saarpfalz-Kreis,Saarland,66386,"Gottlieb-Stoll-Straße 29, 66386 St. Ingbert, Germany",49.2766001,7.1729513,St. Ingbert (Mittelstadt),45117,49.95,34971,Saarpfalz,150-200,20,7 595,3 736,3 476,3 505,Manufacturing industry,1 992,"9,6",68,"+ 1,9"
44,44,Bauhaus,3.6,Saarland,1001 to 5000 Employees,Home Furniture & Housewares Stores,14,Dudweiler Landstraße,Saarbrücken,Regionalverband Saarbrücken,Saarland,66123,"Dudweiler Landstraße 14, 66123 Saarbrücken, Germany",49.2460796,7.0041507,Regionalverband Saarbrücken,41100,167.52,179634,RV Saarbrücken,275,107,21 412,20 730,31 533,38 149,Provision of Public and Private Services,18 551,"19,2",-277,"- 1,5"
45,45,moltomedia,5,Saarland,1 to 50 Employees,Information Technology Support Services,29,Heinrich-Barth-Straße,Saarbrücken,Regionalverband Saarbrücken,Saarland,66115,"Heinrich-Barth-Straße 29, 66115 Saarbrücken, Germany",49.2398244,6.9596917,Regionalverband Saarbrücken,41100,167.52,179634,RV Saarbrücken,275,107,21 412,20 730,31 533,38 149,Provision of Public and Private Services,18 551,"19,2",-277,"- 1,5"
46,46,IDS Scheer,3.9,Saarland,1001 to 5000 Employees,Information Technology Support Services,17,Altenkesseler Straße,Saarbrücken,Regionalverband Saarbrücken,Saarland,66115,"Altenkesseler Str. 17, 66115 Saarbrücken, Germany",49.2461191,6.9390454,Regionalverband Saarbrücken,41100,167.52,179634,RV Saarbrücken,275,107,21 412,20 730,31 533,38 149,Provision of Public and Private Services,18 551,"19,2",-277,"- 1,5"
47,47,Saarland-Heilstätten,4.4,Saarland,1001 to 5000 Employees,Health Care Services & Hospitals,10,Sonnenbergstraße,Saarbrücken,Regionalverband Saarbrücken,Saarland,66119,"Sonnenbergstraße 10, 66119 Saarbrücken, Germany",49.2003316,7.0131335,Regionalverband Saarbrücken,41100,167.52,179634,RV Saarbrücken,275,107,21 412,20 730,31 533,38 149,Provision of Public and Private Services,18 551,"19,2",-277,"- 1,5"
48,48,CompuGroup Medical,3.2,Saarland,5001 to 10000 Employees,Information Technology Support Services,21,Maria Trost,Koblenz,Kreisfreie Stadt Koblenz,Rheinland-Pfalz,56070,"Maria Trost 21, 56070 Koblenz, Germany",50.3880056,7.57663,,,,,,,,,,,,,,,,
49,49,Peugeot,3.7,Saarland,5001 to 10000 Employees,Transportation Equipment Manufacturing,1,Armand-Peugeot-Straße,Saarbrücken,Regionalverband Saarbrücken,Saarland,66119,"Armand-Peugeot-Straße 1, 66119 Saarbrücken, Germany",49.2000797,7.0195901,Regionalverband Saarbrücken,41100,167.52,179634,RV Saarbrücken,275,107,21 412,20 730,31 533,38 149,Provision of Public and Private Services,18 551,"19,2",-277,"- 1,5"
50,50,GAN,3.1,Saarland,501 to 1000 Employees,Enterprise Software & Network Solutions,46,Unter den Buchen,Beckingen,Merzig-Wadern,Saarland,66701,"Unter den Buchen 46, 66701 Beckingen, Germany",49.4489691,6.7606883,Beckingen,42111,51.85,14923,Merzig-Wadern,75-100,19,541,422,244,613,Provision of Public and Private Services,194,"6,7",140,"+ 9,4"
51,51,Shell,4.1,Saarland,10000+ Employees,Energy & Utilities,136,Lebacher Straße,Saarbrücken,Regionalverband Saarbrücken,Saarland,66113,"Lebacher Str. 136, 66113 Saarbrücken, Germany",49.2484376,6.9661746,Regionalverband Saarbrücken,41100,167.52,179634,RV Saarbrücken,275,107,21 412,20 730,31 533,38 149,Provision of Public and Private Services,18 551,"19,2",-277,"- 1,5"
52,52,Dänisches Bettenlager,3.6,Saarland,10000+ Employees,Home Furniture & Housewares Stores,3-Jan,Ahornweg,Saarlouis,Landkreis Saarlouis,Saarland,66740,"Ahornweg 1-3, 66740 Saarlouis, Germany",49.3256904,6.7483919,Saarlouis (Kreisstadt),44115,43.3,34445,Saarlouis,145,,,,,,,,,,
53,53,Procter & Gamble,4.1,Saarland,10000+ Employees,Consumer Product Manufacturing,40-50,Sulzbacher Straße,Schwalbach am Taunus,Main-Taunus-Kreis,Hessen,65824,"Sulzbacher Str. 40-50, 65824 Schwalbach am Taunus, Germany",50.143928,8.530808,,,,,,,,,,,,,,,,
54,54,Randstad,3.9,Saarland,501 to 1000 Employees,HR Consulting,80,Bahnhofstraße,Saarbrücken,Regionalverband Saarbrücken,Saarland,66111,"Bahnhofstraße 80, 66111 Saarbrücken, Germany",49.237222,6.9923389,Regionalverband Saarbrücken,41100,167.52,179634,RV Saarbrücken,275,107,21 412,20 730,31 533,38 149,Provision of Public and Private Services,18 551,"19,2",-277,"- 1,5"
55,55,Consistec,3.6,Saarland,1 to 50 Employees,Enterprise Software & Network Solutions,1,Science Park,Saarbrücken,Regionalverband Saarbrücken,Saarland,66123,"Science Park 1, 66123 Saarbrücken, Germany",49.2552571,7.0372232,Regionalverband Saarbrücken,41100,167.52,179634,RV Saarbrücken,275,107,21 412,20 730,31 533,38 149,Provision of Public and Private Services,18 551,"19,2",-277,"- 1,5"
56,56,SAP,4.4,Saarland,10000+ Employees,Enterprise Software & Network Solutions,6,In der Waldwies,Eppelborn,Neunkirchen,Saarland,66571,"In d. Waldwies 6, 66571 Eppelborn, Germany",49.4089775,6.9793833,Eppelborn,43111,47.25,16465,Neunkirchen,75-100,10,894,492,436,772,Manufacturing industry,149,"5,0",69,"+ 4,2"
57,57,Treofan Group,3,Saarland,1001 to 5000 Employees,Consumer Product Manufacturing,,,Neunkirchen,Neunkirchen,Saarland,66539,"Bergstraße, 66539 Neunkirchen, Germany",49.3549214,7.2356992,Neunkirchen (Kreisstadt),43114,75.26,46098,Neunkirchen,90,115,2 137,3 507,1 246,4 594,Provision of Public and Private Services,1 106,"11,6",52,"+ 1,8"
58,58,Max Planck Institute,4.2,Saarland,51 to 200 Employees,Energy & Utilities,E1 4,Stuhlsatzenhausweg,Saarbrücken,Regionalverband Saarbrücken,Saarland,66123,"Campus, Stuhlsatzenhausweg E1 4, 66123 Saarbrücken, Germany",49.257775,7.04602,Regionalverband Saarbrücken,41100,167.52,179634,RV Saarbrücken,275,107,21 412,20 730,31 533,38 149,Provision of Public and Private Services,18 551,"19,2",-277,"- 1,5"
59,59,Adient,3.8,Saarland,10000+ Employees,Transportation Equipment Manufacturing,,,Saarlouis,Landkreis Saarlouis,Saarland,66740,"Ford Industrial Supplier Park, 66740 Saarlouis, Germany",49.3513994,6.7681737,Saarlouis (Kreisstadt),44115,43.3,34445,Saarlouis,145,,,,,,,,,,
60,60,IKEA,3.7,Saarland,10000+ Employees,Home Furniture & Housewares Stores,3-Jan,Im Hader,Saarlouis,Landkreis Saarlouis,Saarland,66740,"Im Hader 1-3, 66740 Saarlouis, Germany",49.2933549,6.7606477,Saarlouis (Kreisstadt),44115,43.3,34445,Saarlouis,145,,,,,,,,,,
61,61,FERCHAU,3.7,Saarland,5001 to 10000 Employees,HR Consulting,17,Altenkesseler Straße,Saarbrücken,Regionalverband Saarbrücken,Saarland,66115,"Altenkesseler Str. 17, 66115 Saarbrücken, Germany",49.2460901,6.9368552,Regionalverband Saarbrücken,41100,167.52,179634,RV Saarbrücken,275,107,21 412,20 730,31 533,38 149,Provision of Public and Private Services,18 551,"19,2",-277,"- 1,5"
62,62,Magna International,3.7,Saarland,10000+ Employees,Transportation Equipment Manufacturing,,,Saarlouis,Landkreis Saarlouis,Saarland,66740,"Ford Supplier Park, 66740 Saarlouis, Germany",49.3522175,6.7704136,Saarlouis (Kreisstadt),44115,43.3,34445,Saarlouis,145,,,,,,,,,,
63,63,Mercedes-Benz Mobility,4.1,Saarland,5001 to 10000 Employees,Banking & Lending,32,Sulzbachtalstraße,Sulzbach/Saar,Regionalverband Saarbrücken,Saarland,66280,"Sulzbachtalstraße 32, 66280 Sulzbach/Saar, Germany",49.2965139,7.055889,Sulzbach/Saar,41518,16.07,16256,RV Saarbrücken,75-100,-,3 674,1 065,1 481,1 761,Manufacturing industry,713,"14,7",139,"+ 8,5"
64,64,Mediq,3.6,Saarland,1001 to 5000 Employees,Health Care Services & Hospitals,10,In der Bruchwies,Merzig,Merzig-Wadern,Saarland,66663,"In d. Bruchwies 10, 66663 Merzig, Germany",49.4643804,6.6145639,Merzig (Kreisstadt),42113,108.98,29609,Merzig-Wadern,95,115,2 137,3 507,1 246,4 594,Provision of Public and Private Services,1 106,"11,6",52,"+ 1,8"
65,65,Deutsche Bank,3.9,Saarland,10000+ Employees,Banking & Lending,29-31,Kaiserstraße,Saarbrücken,Regionalverband Saarbrücken,Saarland,66111,"Kaiserstraße 29-31, 66111 Saarbrücken, Germany",49.2383965,6.9935643,Regionalverband Saarbrücken,41100,167.52,179634,RV Saarbrücken,275,107,21 412,20 730,31 533,38 149,Provision of Public and Private Services,18 551,"19,2",-277,"- 1,5"
66,66,ANSON'S,4.1,Saarland,1001 to 5000 Employees,"Department, Clothing & Shoe Stores",69,Bahnhofstraße,Saarbrücken,Regionalverband Saarbrücken,Saarland,66111,"Bahnhofstraße 69, 66111 Saarbrücken, Germany",49.23631,6.99267,Regionalverband Saarbrücken,41100,167.52,179634,RV Saarbrücken,275,107,21 412,20 730,31 533,38 149,Provision of Public and Private Services,18 551,"19,2",-277,"- 1,5"
67,67,abat Group,4.3,Saarland,501 to 1000 Employees,Information Technology Support Services,170-174,Kaiserstraße,Sankt Ingbert,Saarpfalz-Kreis,Saarland,66386,"Kaiserstraße 170-174, 66386 St. Ingbert, Germany",49.280124,7.122348,St. Ingbert (Mittelstadt),45117,49.95,34971,Saarpfalz,150-200,20,7 595,3 736,3 476,3 505,Manufacturing industry,1 992,"9,6",68,"+ 1,9"
68,68,Arvato,3.2,Saarland,10000+ Employees,Information Technology Support Services,60,Lebacher Straße,Heusweiler,Regionalverband Saarbrücken,Saarland,66265,"Lebacher Str. 60, 66265 Heusweiler, Germany",49.3630632,6.9332713,Heusweiler,41513,40.01,17998,RV Saarbrücken,100-150,19,648,944,597,821,"Trade, Transport, Hospitality",218,"6,6",67,"+ 3,7"
69,69,Tenneco,3.4,Saarland,10000+ Employees,Transportation Equipment Manufacturing,,,Saarlouis,Landkreis Saarlouis,Saarland,66740,"Ford Industrial Supplier Park, 66740 Saarlouis, Germany",49.3508665,6.765027,Saarlouis (Kreisstadt),44115,43.3,34445,Saarlouis,145,,,,,,,,,,
70,70,Diamond Offshore,3.7,Saarland,1001 to 5000 Employees,Energy & Utilities,,,,,,,,,,,,,,,,,,,,,,,,,
71,71,Universitätsklinikum des Saarlandes,3.5,Saarland,1001 to 5000 Employees,Health Care Services & Hospitals,100,Kirrberger Straße,Homburg,Saarpfalz-Kreis,Saarland,66421,"Kirrberger Str. 100, 66421 Homburg, Germany",49.3064633,7.3450778,Homburg (Kreisstadt),45114,82.61,41612,Saarpfalz,185,13,11 972,4 466,4 310,10 392,Manufacturing industry,3 277,"16,0",160,"+ 3,8"
72,72,Sogefi Group,3.3,Saarland,5001 to 10000 Employees,Transportation Equipment Manufacturing,,Im Alten Brühl,Völklingen,Regionalverband Saarbrücken,Saarland,66333,"Im Alten Brühl, 66333 Völklingen, Germany",49.2461148,6.8580326,Völklingen (Mittelstadt),41519,67.1,39428,RV Saarbrücken,100-150,35,5 442,3 455,2 075,3 649,Manufacturing industry,1 791,"19,2",54,"+ 1,4"
73,73,Peek & Cloppenburg,3.6,Saarland,1001 to 5000 Employees,"Department, Clothing & Shoe Stores",44,Bahnhofstraße,Saarbrücken,Regionalverband Saarbrücken,Saarland,66111,"Bahnhofstraße 44, 66111 Saarbrücken, Germany",49.2354963,6.9938941,Regionalverband Saarbrücken,41100,167.52,179634,RV Saarbrücken,275,107,21 412,20 730,31 533,38 149,Provision of Public and Private Services,18 551,"19,2",-277,"- 1,5"
74,74,K|Lens,5,"Headquarters in Saarbrücken, Germany",1 to 50 Employees,Information Technology Support Services,4,Am Römerkastell,Saarbrücken,Regionalverband Saarbrücken,Saarland,66121,"Am Römerkastell 4, 66121 Saarbrücken, Germany",49.2265775,7.0208901,Regionalverband Saarbrücken,41100,167.52,179634,RV Saarbrücken,275,107,21 412,20 730,31 533,38 149,Provision of Public and Private Services,18 551,"19,2",-277,"- 1,5"
75,75,akko Personaldienstleistungen,3.9,Saarland,51 to 200 Employees,HR Consulting,18,Heinrich-Barth-Straße,Saarbrücken,Regionalverband Saarbrücken,Saarland,66115,"Heinrich-Barth-Straße 18, 66115 Saarbrücken, Germany",49.2387608,6.9554596,Regionalverband Saarbrücken,41100,167.52,179634,RV Saarbrücken,275,107,21 412,20 730,31 533,38 149,Provision of Public and Private Services,18 551,"19,2",-277,"- 1,5"
76,76,Continental,3.9,Saarland,10000+ Employees,Transportation Equipment Manufacturing,6,Von-Lettow-Vorbeck-Straße,Saarlouis,Landkreis Saarlouis,Saarland,66740,"Von-Lettow-Vorbeck-Straße 6, 66740 Saarlouis, Germany",49.3113218,6.7575594,Saarlouis (Kreisstadt),44115,43.3,34445,Saarlouis,145,,,,,,,,,,
77,77,Signal Iduna,4.1,Saarland,1001 to 5000 Employees,Banking & Lending,126,Sommerbergstraße,Püttlingen,Regionalverband Saarbrücken,Saarland,66346,"Sommerbergstraße 126, 66346 Püttlingen, Germany",49.2894943,6.9107052,Püttlingen,41515,23.95,18269,RV Saarbrücken,100-150,18,916,724,388,1 805,Provision of Public and Private Services,325,"6,7",116,"+ 6,3"
78,78,NOWEDA eG,3.7,Saarland,1001 to 5000 Employees,Health Care Services & Hospitals,1,Robert-Koch-Straße,Friedrichsthal,Regionalverband Saarbrücken,Saarland,66299,"Robert-Koch-Straße 1, 66299 Friedrichsthal, Germany",49.33208,7.08257,Friedrichsthal,41511,8.99,9955,RV Saarbrücken,75-100,3,567,854,264,542,"Trade, Transport, Hospitality",200,"6,6",81,"+ 8,1"
79,79,I. K. Hofmann,3.9,Saarland,501 to 1000 Employees,HR Consulting,2E,Obere Rischbachstraße,Sankt Ingbert,Saarpfalz-Kreis,Saarland,66386,"Ob. Rischbachstraße 2E, 66386 St. Ingbert, Germany",49.2842025,7.1001162,St. Ingbert (Mittelstadt),45117,49.95,34971,Saarpfalz,150-200,20,7 595,3 736,3 476,3 505,Manufacturing industry,1 992,"9,6",68,"+ 1,9"
80,80,INFOMOTION,4.4,Saarland,501 to 1000 Employees,Information Technology Support Services,31,Europaallee,Saarbrücken,Regionalverband Saarbrücken,Saarland,66113,"Europaallee 31, 66113 Saarbrücken, Germany",49.2425499,6.9893452,Regionalverband Saarbrücken,41100,167.52,179634,RV Saarbrücken,275,107,21 412,20 730,31 533,38 149,Provision of Public and Private Services,18 551,"19,2",-277,"- 1,5"
81,81,POCO Einrichtungsmärkte,2.4,Saarland,5001 to 10000 Employees,Home Furniture & Housewares Stores,75-91,Saarbrücker Straße,Saarlouis,Landkreis Saarlouis,Saarland,66740,"Saarbrücker Str. 75-91, 66740 Saarlouis, Germany",49.3216438,6.7733087,Saarlouis (Kreisstadt),44115,43.3,34445,Saarlouis,145,,,,,,,,,,
82,82,Praktiker,3.9,Saarland,10000+ Employees,Home Furniture & Housewares Stores,2,Am Tannenwald,Kirkel,Saarpfalz-Kreis,Saarland,66459,"Am Tannenwald 2, 66459 Kirkel, Germany",49.2874014,7.2167362,Kirkel,45115,31.34,9992,Saarpfalz,150-200,21,1 142,820,1 032,531,Manufacturing industry,573,"6,1",13,"+ 1,3"
83,83,IBM,4,Saarland,10000+ Employees,Information Technology Support Services,48,Ensheimer Straße,Sankt Ingbert,Saarpfalz-Kreis,Saarland,66386,"Ensheimer Str. 48, 66386 St. Ingbert, Germany",49.2706846,7.1084719,St. Ingbert (Mittelstadt),45117,49.95,34971,Saarpfalz,150-200,20,7 595,3 736,3 476,3 505,Manufacturing industry,1 992,"9,6",68,"+ 1,9"
84,84,Takko Fashion,3.3,Saarland,10000+ Employees,"Department, Clothing & Shoe Stores",7,Grubenweg,Sankt Ingbert,Saarpfalz-Kreis,Saarland,66386,"Grubenweg 7, 66386 St. Ingbert, Germany",49.2822417,7.1036954,St. Ingbert (Mittelstadt),45117,49.95,34971,Saarpfalz,150-200,20,7 595,3 736,3 476,3 505,Manufacturing industry,1 992,"9,6",68,"+ 1,9"
85,85,Braintower Technologies,4.5,Saarland,1 to 50 Employees,Information Technology Support Services,9A,Annastraße,Sankt Ingbert,Saarpfalz-Kreis,Saarland,66386,"Annastraße 9A, 66386 St. Ingbert, Germany",49.2717499,7.1141041,St. Ingbert (Mittelstadt),45117,49.95,34971,Saarpfalz,150-200,20,7 595,3 736,3 476,3 505,Manufacturing industry,1 992,"9,6",68,"+ 1,9"
86,86,T-Systems,4,Saarland,10000+ Employees,Information Technology Support Services,6,Nell-Breuning-Allee,Saarbrücken,Regionalverband Saarbrücken,Saarland,66115,"Nell-Breuning-Allee 6, 66115 Saarbrücken, Germany",49.2403839,6.955457,Regionalverband Saarbrücken,41100,167.52,179634,RV Saarbrücken,275,107,21 412,20 730,31 533,38 149,Provision of Public and Private Services,18 551,"19,2",-277,"- 1,5"
87,87,SCHMIDT GROUPE,3.8,Saarland,1001 to 5000 Employees,Consumer Product Manufacturing,20,Rue Westrich,Sélestat,,Grand Est,67600,"20 Rue Westrich, 67600 Sélestat, France",48.282076,7.4668086,,,,,,,,,,,,,,,,
88,88,Mercedes-Benz Group,4.2,Saarland,10000+ Employees,Transportation Equipment Manufacturing,1,Untertürkheimer Straße,Saarbrücken,Regionalverband Saarbrücken,Saarland,66117,"Untertürkheimer Str. 1, 66117 Saarbrücken, Germany",49.2121944,6.975848,Regionalverband Saarbrücken,41100,167.52,179634,RV Saarbrücken,275,107,21 412,20 730,31 533,38 149,Provision of Public and Private Services,18 551,"19,2",-277,"- 1,5"
89,89,Optimas Solutions,3.5,Saarland,1001 to 5000 Employees,Machinery Manufacturing,9,Rue Gutenberg,Sarreguemines,,Grand Est,57200,"9 Rue Gutenberg, 57200 Sarreguemines, France",49.1109586,7.093307,,,,,,,,,,,,,,,,
90,90,Deutsche Kreditbank,4.2,Saarland,1001 to 5000 Employees,Banking & Lending,2,Viktoriastraße,Saarbrücken,Regionalverband Saarbrücken,Saarland,66111,"Viktoriastraße 2, 66111 Saarbrücken, Germany",49.237124,6.9901807,Regionalverband Saarbrücken,41100,167.52,179634,RV Saarbrücken,275,107,21 412,20 730,31 533,38 149,Provision of Public and Private Services,18 551,"19,2",-277,"- 1,5"
91,91,C&A,3.6,Saarland,10000+ Employees,"Department, Clothing & Shoe Stores",104-108,Bahnhofstraße,Saarbrücken,Regionalverband Saarbrücken,Saarland,66111,"Bahnhofstraße 104-108, 66111 Saarbrücken, Germany",49.2383623,6.9911892,Regionalverband Saarbrücken,41100,167.52,179634,RV Saarbrücken,275,107,21 412,20 730,31 533,38 149,Provision of Public and Private Services,18 551,"19,2",-277,"- 1,5"
92,92,T.K. Maxx,3.8,Saarland,10000+ Employees,"Department, Clothing & Shoe Stores",1,Stummstraße,Neunkirchen,Neunkirchen,Saarland,66538,"Saarpark-Center, Stummstraße 1, 66538 Neunkirchen, Germany",49.346155,7.1727502,Neunkirchen (Kreisstadt),43114,75.26,46098,Neunkirchen,90,115,2 137,3 507,1 246,4 594,Provision of Public and Private Services,1 106,"11,6",52,"+ 1,8"
93,93,Dürr,4,Saarland,10000+ Employees,Machinery Manufacturing,122-128,Köllner Straße,Püttlingen,Regionalverband Saarbrücken,Saarland,66346,"Köllner Str. 122-128, 66346 Püttlingen, Germany",49.29707,6.8803,Püttlingen,41515,23.95,18269,RV Saarbrücken,100-150,18,916,724,388,1 805,Provision of Public and Private Services,325,"6,7",116,"+ 6,3"
94,94,Ludwig Pieper,3,Saarland,201 to 500 Employees,"Department, Clothing & Shoe Stores",,Großer Markt,Saarlouis,Landkreis Saarlouis,Saarland,66740,"Großer Markt, 66740 Saarlouis, Germany",49.3155869,6.750497,Saarlouis (Kreisstadt),44115,43.3,34445,Saarlouis,145,,,,,,,,,,
95,95,E.ON,3.8,Saarland,10000+ Employees,Energy & Utilities,35,Brunnenstraße,Nonnweiler,Landkreis St. Wendel,Saarland,66620,"Brunnenstraße 35, 66620 Nonnweiler, Germany",49.6007253,6.9955369,Nonnweiler,46115,66.4,8458,St. Wendel,<50,38,2 634,523,247,608,Manufacturing industry,288,"4,8",105,"+ 12,4"
96,96,Greencells Group,3.3,Saarland,201 to 500 Employees,Energy & Utilities,9,Betzenstraße,Saarbrücken,Regionalverband Saarbrücken,Saarland,66111,"Bahnhofstr. 28, Betzenstraße 9/Eingang über, 66111 Saarbrücken, Germany",49.2344422,6.9954395,Regionalverband Saarbrücken,41100,167.52,179634,RV Saarbrücken,275,107,21 412,20 730,31 533,38 149,Provision of Public and Private Services,18 551,"19,2",-277,"- 1,5"
97,97,Freelancer,4.2,Saarland,501 to 1000 Employees,HR Consulting,40,Salbacher Straße,Riegelsberg,Regionalverband Saarbrücken,Saarland,66292,"Salbacher Str. 40, 66292 Riegelsberg, Germany",49.3275254,6.9156519,Riegelsberg,41517,14.65,14268,RV Saarbrücken,100-150,.,291,472,.,774,Provision of Public and Private Services,198,"7,6",102,"+ 7,1"
98,98,OTIS,3.8,Saarland,10000+ Employees,Transportation Equipment Manufacturing,51,Trierer Straße,Merzig,Merzig-Wadern,Saarland,66663,"Trierer Str. 51, 66663 Merzig, Germany",49.44486,6.6362,Merzig (Kreisstadt),42113,108.98,29609,Merzig-Wadern,95,115,2 137,3 507,1 246,4 594,Provision of Public and Private Services,1 106,"11,6",52,"+ 1,8"
99,99,BAD Gruppe,3.6,Saarland,1001 to 5000 Employees,Health Care Services & Hospitals,1,Stengelstraße,Saarbrücken,Regionalverband Saarbrücken,Saarland,66117,"Stengelstraße 1, 66117 Saarbrücken, Germany",49.23326,6.99006,Regionalverband Saarbrücken,41100,167.52,179634,RV Saarbrücken,275,107,21 412,20 730,31 533,38 149,Provision of Public and Private Services,18 551,"19,2",-277,"- 1,5"
100,100,Rohde & Schwarz,4.1,Saarland,10000+ Employees,Enterprise Software & Network Solutions,12,Berliner Promenade,Saarbrücken,Regionalverband Saarbrücken,Saarland,66111,"Berliner Promenade 12, 66111 Saarbrücken, Germany",49.235622,6.9924583,Regionalverband Saarbrücken,41100,167.52,179634,RV Saarbrücken,275,107,21 412,20 730,31 533,38 149,Provision of Public and Private Services,18 551,"19,2",-277,"- 1,5"
101,101,Manpower,4.2,Saarland,10000+ Employees,HR Consulting,40,Großherzog-Friedrich-Straße,Saarbrücken,Regionalverband Saarbrücken,Saarland,66111,"Großherzog-Friedrich-Straße 40, 66111 Saarbrücken, Germany",49.2330312,7.0022677,Regionalverband Saarbrücken,41100,167.52,179634,RV Saarbrücken,275,107,21 412,20 730,31 533,38 149,Provision of Public and Private Services,18 551,"19,2",-277,"- 1,5"
102,102,URGO,3.7,Saarland,1001 to 5000 Employees,Health Care Services & Hospitals,67,Metzer Straße,Saarlouis,Landkreis Saarlouis,Saarland,66740,"Metzer Str. 67, 66740 Saarlouis, Germany",49.3033976,6.737998,Saarlouis (Kreisstadt),44115,43.3,34445,Saarlouis,145,,,,,,,,,,
103,103,Fresenius Medical Care - North America,3.4,Saarland,10000+ Employees,Health Care Services & Hospitals,8-Jun,Frankfurter Straße,Sankt Wendel,Landkreis St. Wendel,Saarland,66606,"Frankfurter Str. 6-8, 66606 St. Wendel, Germany",49.4647746,7.1464244,St. Wendel (Kreisstadt),46117,113.53,25337,St. Wendel,40,51,3 651,2 670,2 750,5 317,Provision of Public and Private Services,854,"7,3",-147,"- 5,8"
104,104,OBI,3.9,Saarland,10000+ Employees,Home Furniture & Housewares Stores,65,Piesbacher Straße,Beckingen,Merzig-Wadern,Saarland,66701,"Piesbacher Str. 65, 66701 Beckingen, Germany",49.4123018,6.782942,Beckingen,42111,51.85,14923,Merzig-Wadern,75-100,19,541,422,244,613,Provision of Public and Private Services,194,"6,7",140,"+ 9,4"
105,105,Deichmann,3.2,Saarland,10000+ Employees,"Department, Clothing & Shoe Stores",1:00 AM,Breslauer Straße,Saarbrücken,Regionalverband Saarbrücken,Saarland,66121,"EG , Saar-Basar, Breslauer Str. 1 A, 66121 Saarbrücken, Germany",49.2279593,7.036621,Regionalverband Saarbrücken,41100,167.52,179634,RV Saarbrücken,275,107,21 412,20 730,31 533,38 149,Provision of Public and Private Services,18 551,"19,2",-277,"- 1,5"
106,106,Kuhn,3.9,Saarland,1001 to 5000 Employees,Consumer Product Manufacturing,88,Talstraße,Blieskastel,Saarpfalz-Kreis,Saarland,66440,"Talstraße 88, 66440 Blieskastel, Germany",49.2388514,7.2372039,Blieskastel,45112,108.21,20153,Saarpfalz,100-150,43,2 178,1 741,281,1 613,Manufacturing industry,631,"5,6",-9,"- 0,4"
107,107,H&M,3.5,Saarland,10000+ Employees,"Department, Clothing & Shoe Stores",1,Stummplatz,Neunkirchen,Neunkirchen,Saarland,66538,"Stummplatz 1, 66538 Neunkirchen, Germany",49.348387,7.1729568,Neunkirchen (Kreisstadt),43114,75.26,46098,Neunkirchen,90,115,2 137,3 507,1 246,4 594,Provision of Public and Private Services,1 106,"11,6",52,"+ 1,8"
108,108,TALLY WEiJL,2.7,Saarland,1001 to 5000 Employees,"Department, Clothing & Shoe Stores",1,Bahnhofstraße,Saarbrücken,Regionalverband Saarbrücken,Saarland,66111,"Bahnhofstraße 1, 66111 Saarbrücken, Germany",49.2331888,6.9956561,Regionalverband Saarbrücken,41100,167.52,179634,RV Saarbrücken,275,107,21 412,20 730,31 533,38 149,Provision of Public and Private Services,18 551,"19,2",-277,"- 1,5"
109,109,Michelin,4.1,Saarland,10000+ Employees,Machinery Manufacturing,5,Nauwieserstraße,Saarbrücken,Regionalverband Saarbrücken,Saarland,66111,"Nauwieserstraße 5, 66111 Saarbrücken, Germany",49.2349398,6.9997051,Regionalverband Saarbrücken,41100,167.52,179634,RV Saarbrücken,275,107,21 412,20 730,31 533,38 149,Provision of Public and Private Services,18 551,"19,2",-277,"- 1,5"
110,110,Kraftblock,4.5,Saarland,1 to 50 Employees,Energy & Utilities,2,Industriestraße,Sulzbach/Saar,Regionalverband Saarbrücken,Saarland,66280,"Industriestraße 2, 66280 Sulzbach/Saar, Germany",49.2894588,7.074358,Sulzbach/Saar,41518,16.07,16256,RV Saarbrücken,75-100,-,3 674,1 065,1 481,1 761,Manufacturing industry,713,"14,7",139,"+ 8,5"
111,111,ZF Group,3.9,Saarland,10000+ Employees,Transportation Equipment Manufacturing,12,Untertürkheimer Straße,Saarbrücken,Regionalverband Saarbrücken,Saarland,66117,"Car Powertrain Technology Werk 3, Untertürkheimer Str. 12, 66117 Saarbrücken, Germany",49.21434,6.9734773,Regionalverband Saarbrücken,41100,167.52,179634,RV Saarbrücken,275,107,21 412,20 730,31 533,38 149,Provision of Public and Private Services,18 551,"19,2",-277,"- 1,5"
112,112,Eberspächer,3.4,Saarland,10000+ Employees,Consumer Product Manufacturing,95,Homburger Straße,Neunkirchen,Neunkirchen,Saarland,66539,"Homburger Str. 95, 66539 Neunkirchen, Germany",49.3511229,7.2397904,Neunkirchen (Kreisstadt),43114,75.26,46098,Neunkirchen,90,115,2 137,3 507,1 246,4 594,Provision of Public and Private Services,1 106,"11,6",52,"+ 1,8"
113,113,TEDi,2.2,Saarland,10000+ Employees,"Department, Clothing & Shoe Stores",122,Stöckerweg,Ensdorf,Landkreis Saarlouis,Saarland,66806,"Stöckerweg 122, 66806 Ensdorf, Germany",49.2994678,6.7751148,Ensdorf,44123,8.39,6502,Saarlouis,145,.,200,901,.,390,"Trade, Transport, Hospitality",168,"14,0",62,"+ 9,6"
114,114,Piening Personal,3.4,Saarland,5001 to 10000 Employees,HR Consulting,7,Berliner Promenade,Saarbrücken,Regionalverband Saarbrücken,Saarland,66111,"Berliner Promenade 7, 66111 Saarbrücken, Germany",49.2365061,6.9918238,Regionalverband Saarbrücken,41100,167.52,179634,RV Saarbrücken,275,107,21 412,20 730,31 533,38 149,Provision of Public and Private Services,18 551,"19,2",-277,"- 1,5"
115,115,Saarschmiede Freiformschmiede,4,Saarland,1001 to 5000 Employees,Energy & Utilities,57-59,Bismarckstraße,Völklingen,Regionalverband Saarbrücken,Saarland,66333,"Bismarckstraße 57-59, 66333 Völklingen, Germany",49.2529984,6.8469117,Völklingen (Mittelstadt),41519,67.1,39428,RV Saarbrücken,100-150,35,5 442,3 455,2 075,3 649,Manufacturing industry,1 791,"19,2",54,"+ 1,4"
116,116,Ergosign,4.2,Saarland,201 to 500 Employees,Information Technology Support Services,1,Science Park,Saarbrücken,Regionalverband Saarbrücken,Saarland,66123,"Science Park 1, 66123 Saarbrücken, Germany",49.2552571,7.0372232,Regionalverband Saarbrücken,41100,167.52,179634,RV Saarbrücken,275,107,21 412,20 730,31 533,38 149,Provision of Public and Private Services,18 551,"19,2",-277,"- 1,5"
117,117,Villeroy & Boch,3.9,Saarland,5001 to 10000 Employees,Consumer Product Manufacturing,20,Saarstraße,Wadgassen,Landkreis Saarlouis,Saarland,66787,"Saarstraße 20, 66787 Wadgassen, Germany",49.2705287,6.7936564,Wadgassen,44120,25.91,16900,Saarlouis,100-150,.,441,521,.,920,Provision of Public and Private Services,257,"8,5",19,"+ 1,1"
118,118,Enovos Group,2.9,Saarland,1001 to 5000 Employees,Energy & Utilities,3,Am Halberg,Saarbrücken,Regionalverband Saarbrücken,Saarland,66121,"Am Halberg 3, 66121 Saarbrücken, Germany",49.2243759,7.0396018,Regionalverband Saarbrücken,41100,167.52,179634,RV Saarbrücken,275,107,21 412,20 730,31 533,38 149,Provision of Public and Private Services,18 551,"19,2",-277,"- 1,5"
119,119,thyssenkrupp,3.9,Saarland,10000+ Employees,Machinery Manufacturing,,Neue Industriestraße,Homburg,Saarpfalz-Kreis,Saarland,66424,"Neue Industriestraße, 66424 Homburg, Germany",49.3078082,7.3251795,Homburg (Kreisstadt),45114,82.61,41612,Saarpfalz,185,13,11 972,4 466,4 310,10 392,Manufacturing industry,3 277,"16,0",160,"+ 3,8"
120,120,natif.ai,4.6,Saarland,1 to 50 Employees,Enterprise Software & Network Solutions,,,Saarbrücken,Regionalverband Saarbrücken,Saarland,66123,"Campus Starterzentrum Gebäude A1, 1, 66123 Saarbrücken, Germany",49.2558842,7.0389952,Regionalverband Saarbrücken,41100,167.52,179634,RV Saarbrücken,275,107,21 412,20 730,31 533,38 149,Provision of Public and Private Services,18 551,"19,2",-277,"- 1,5"
121,121,Welocalize,3.7,Saarland,1001 to 5000 Employees,HR Consulting,10,Nell-Breuning-Allee,Saarbrücken,Regionalverband Saarbrücken,Saarland,66115,"Nell-Breuning-Allee 10, 66115 Saarbrücken, Germany",49.23983,6.95532,Regionalverband Saarbrücken,41100,167.52,179634,RV Saarbrücken,275,107,21 412,20 730,31 533,38 149,Provision of Public and Private Services,18 551,"19,2",-277,"- 1,5"
122,122,Zara,3.4,Saarland,10000+ Employees,"Department, Clothing & Shoe Stores",31,Bahnhofstraße,Saarbrücken,Regionalverband Saarbrücken,Saarland,66111,"Bahnhofstraße 31, 66111 Saarbrücken, Germany",49.2345,6.9945,Regionalverband Saarbrücken,41100,167.52,179634,RV Saarbrücken,275,107,21 412,20 730,31 533,38 149,Provision of Public and Private Services,18 551,"19,2",-277,"- 1,5"
123,123,Seco Tools,4.5,Saarland,1001 to 5000 Employees,Machinery Manufacturing,8B,Rue de Neuwiller,Bouxwiller,,Grand Est,67330,"8B Rue de Neuwiller, 67330 Bouxwiller, France",48.8256741,7.4744176,,,,,,,,,,,,,,,,
124,124,Unimed,4.3,Saarland,1001 to 5000 Employees,Health Care Services & Hospitals,17,Auf der Heide,Wadern,Merzig-Wadern,Saarland,66687,"Tennishalle, Auf d. Heide 17, 66687 Wadern, Germany",49.5353342,6.8711962,Wadern,42116,111.14,15697,Merzig-Wadern,50-75,18,1 945,1 258,2 018,983,Provision of Public and Private Services,461,"6,7",86,"+ 5,5"
125,125,Be4work,4.2,Saarland,501 to 1000 Employees,HR Consulting,3,Berliner Promenade,Saarbrücken,Regionalverband Saarbrücken,Saarland,66111,"Berliner Promenade 3, 66111 Saarbrücken, Germany",49.2368706,6.9911249,Regionalverband Saarbrücken,41100,167.52,179634,RV Saarbrücken,275,107,21 412,20 730,31 533,38 149,Provision of Public and Private Services,18 551,"19,2",-277,"- 1,5"
126,126,Nedschroef,4,Saarland,1001 to 5000 Employees,Machinery Manufacturing,1A,Hans-Schardt-Straße,Lebach,Landkreis Saarlouis,Saarland,66822,"Hans-Schardt-Straße 1A, 66822 Lebach, Germany",49.4113188,6.8908935,Lebach,44112,64.21,18694,Saarlouis,75-100,11,1 031,962,751,1 766,Provision of Public and Private Services,381,"11,6",-180,"- 9,6"
127,127,Bonita,2.6,Saarland,501 to 1000 Employees,"Department, Clothing & Shoe Stores",52,Stummstraße,Dillingen/Saar,Landkreis Saarlouis,Saarland,66763,"Stummstraße 52, 66763 Dillingen/Saar, Germany",49.3539859,6.7281195,Dillingen/Saar,44111,22.05,19668,Saarlouis,100-150,,8 181,1 836,1 307,3 142,Manufacturing industry,1 532,"16,9",58,"+ 2,9"
128,128,DHC Business Solutions,4,Saarland,1 to 50 Employees,Enterprise Software & Network Solutions,7-Jun,Landwehrplatz,Saarbrücken,Regionalverband Saarbrücken,Saarland,66111,"Landwehrpl. 6-7, 66111 Saarbrücken, Germany",49.2336831,7.0020556,Regionalverband Saarbrücken,41100,167.52,179634,RV Saarbrücken,275,107,21 412,20 730,31 533,38 149,Provision of Public and Private Services,18 551,"19,2",-277,"- 1,5"
129,129,Görtz,3.4,Saarland,1001 to 5000 Employees,"Department, Clothing & Shoe Stores",1,In den Schankgärten,Sankt Ingbert,Saarpfalz-Kreis,Saarland,66386,"In den Schankgärten 1, 66386 St. Ingbert, Germany",49.2771624,7.0995744,St. Ingbert (Mittelstadt),45117,49.95,34971,Saarpfalz,150-200,20,7 595,3 736,3 476,3 505,Manufacturing industry,1 992,"9,6",68,"+ 1,9"
130,130,Toyoda Gosei,3.6,Saarland,10000+ Employees,Transportation Equipment Manufacturing,3,Ernst-Abbe-Straße,Saarbrücken,Regionalverband Saarbrücken,Saarland,66115,"Ernst-Abbe-Straße 3, 66115 Saarbrücken, Germany",49.2400346,6.9511268,Regionalverband Saarbrücken,41100,167.52,179634,RV Saarbrücken,275,107,21 412,20 730,31 533,38 149,Provision of Public and Private Services,18 551,"19,2",-277,"- 1,5"
131,131,Goodyear,3.7,Saarland,10000+ Employees,Transportation Equipment Manufacturing,,,,,,,,,,,,,,,,,,,,,,,,,
132,132,Roller,2.8,Saarland,1001 to 5000 Employees,Home Furniture & Housewares Stores,21-23,Sulzbachstraße,Saarbrücken,Regionalverband Saarbrücken,Saarland,66111,"Sulzbachstraße 21-23, 66111 Saarbrücken, Germany",49.2382016,6.9962656,Regionalverband Saarbrücken,41100,167.52,179634,RV Saarbrücken,275,107,21 412,20 730,31 533,38 149,Provision of Public and Private Services,18 551,"19,2",-277,"- 1,5"
133,133,Lands' End,3.4,Saarland,5001 to 10000 Employees,"Department, Clothing & Shoe Stores",7,Marktplatz,Mettlach,Merzig-Wadern,Saarland,66693,"Marktpl. 7, 66693 Mettlach, Germany",49.492931,6.5916542,Mettlach,42114,77.82,12044,Merzig-Wadern,75-100,6,2 231,824,152,824,Manufacturing industry,501,"16,2",117,"+ 9,7"
134,134,BMW Group,4.2,Saarland,10000+ Employees,Transportation Equipment Manufacturing,7-Jun,Am Halberg,Saarbrücken,Regionalverband Saarbrücken,Saarland,66121,"Am Halberg 6-7, 66121 Saarbrücken, Germany",49.224737,7.042958,Regionalverband Saarbrücken,41100,167.52,179634,RV Saarbrücken,275,107,21 412,20 730,31 533,38 149,Provision of Public and Private Services,18 551,"19,2",-277,"- 1,5"
135,135,Johnson Controls,3.6,Saarland,10000+ Employees,Machinery Manufacturing,,Henry-Ford-Straße,Saarlouis,Landkreis Saarlouis,Saarland,66740,"Henry-Ford-Straße, 66740 Saarlouis, Germany",49.3438326,6.7555431,Saarlouis (Kreisstadt),44115,43.3,34445,Saarlouis,145,,,,,,,,,,
136,136,the LEGO Group,4.4,Saarland,10000+ Employees,Consumer Product Manufacturing,77,Bahnhofstraße,Saarbrücken,Regionalverband Saarbrücken,Saarland,66111,"Bahnhofstraße 77, 66111 Saarbrücken, Germany",49.236662,6.992276,Regionalverband Saarbrücken,41100,167.52,179634,RV Saarbrücken,275,107,21 412,20 730,31 533,38 149,Provision of Public and Private Services,18 551,"19,2",-277,"- 1,5"
137,137,Kik,2.9,Saarland,10000+ Employees,"Department, Clothing & Shoe Stores",65,Sulzbachtalstraße,Sulzbach/Saar,Regionalverband Saarbrücken,Saarland,66280,"Sulzbachtalstraße 65, 66280 Sulzbach/Saar, Germany",49.2987433,7.0595672,Sulzbach/Saar,41518,16.07,16256,RV Saarbrücken,75-100,-,3 674,1 065,1 481,1 761,Manufacturing industry,713,"14,7",139,"+ 8,5"
138,138,Majorel,3.7,Saarland,10000+ Employees,HR Consulting,60,Lebacher Straße,Heusweiler,Regionalverband Saarbrücken,Saarland,66265,"Lebacher Str. 60, 66265 Heusweiler, Germany",49.3638648,6.9339108,Heusweiler,41513,40.01,17998,RV Saarbrücken,100-150,19,648,944,597,821,"Trade, Transport, Hospitality",218,"6,6",67,"+ 3,7"
139,139,Audi,4.2,Saarland,10000+ Employees,Transportation Equipment Manufacturing,1,Münchener Straße,Dillingen/Saar,Landkreis Saarlouis,Saarland,66763,"Münchener Str. 1, 66763 Dillingen/Saar, Germany",49.3721408,6.7246784,Dillingen/Saar,44111,22.05,19668,Saarlouis,100-150,,8 181,1 836,1 307,3 142,Manufacturing industry,1 532,"16,9",58,"+ 2,9"
140,140,HYDAC,3.4,Saarland,5001 to 10000 Employees,Machinery Manufacturing,1,Am Wrangelflöz,Neunkirchen,Neunkirchen,Saarland,66538,"Am Wrangelflöz 1, 66538 Neunkirchen, Germany",49.3385343,7.1638194,Neunkirchen (Kreisstadt),43114,75.26,46098,Neunkirchen,90,115,2 137,3 507,1 246,4 594,Provision of Public and Private Services,1 106,"11,6",52,"+ 1,8"
141,141,Atos,3.7,Saarland,10000+ Employees,Information Technology Support Services,5,Industriestraße,Blieskastel,Saarpfalz-Kreis,Saarland,66440,"Industriestraße 5/7, 66440 Blieskastel, Germany",49.246214,7.2182841,Blieskastel,45112,108.21,20153,Saarpfalz,100-150,43,2 178,1 741,281,1 613,Manufacturing industry,631,"5,6",-9,"- 0,4"
